epoque,accuracy,auc,loss,val_accuracy,val_auc,val_loss,learning_rate
0,0.7864933013916016,0.8634410500526428,0.4706718921661377,0.8386986255645752,0.9138799905776978,0.3785790801048279,0.0010000000474974513
1,0.823336124420166,0.8988571166992188,0.41107726097106934,0.841438353061676,0.9175330400466919,0.37042972445487976,0.0010000000474974513
2,0.8273210525512695,0.9041305780410767,0.4023893177509308,0.8417808413505554,0.9202825427055359,0.3646336495876312,0.0010000000474974513
3,0.8310961723327637,0.9065362811088562,0.3966071903705597,0.8424657583236694,0.9215580821037292,0.36080697178840637,0.0010000000474974513
4,0.8316555023193359,0.9097304344177246,0.387757271528244,0.8445205688476562,0.9225641489028931,0.3590658903121948,0.0010000000474974513
5,0.8354306221008301,0.9110429286956787,0.38634049892425537,0.8445205688476562,0.9227817058563232,0.35854408144950867,0.0010000000474974513
6,0.8334032297134399,0.9107025861740112,0.38739997148513794,0.8469178080558777,0.9236379861831665,0.3570353090763092,0.0010000000474974513
7,0.8359899520874023,0.9130871891975403,0.38128963112831116,0.8448629975318909,0.924709141254425,0.3552243709564209,0.0010000000474974513
8,0.836828887462616,0.9143072962760925,0.37832146883010864,0.8472602963447571,0.9250276684761047,0.3533572554588318,0.0010000000474974513
9,0.8373182415962219,0.9140106439590454,0.38009852170944214,0.8472602963447571,0.9253540635108948,0.35211285948753357,0.0010000000474974513
10,0.8375978469848633,0.9148430824279785,0.3778367340564728,0.8472602963447571,0.9254225492477417,0.3525466322898865,0.0010000000474974513
11,0.8385066986083984,0.9161563515663147,0.3747399151325226,0.8441780805587769,0.9247545003890991,0.3534242808818817,0.0010000000474974513
12,0.8394155502319336,0.9172052145004272,0.37229886651039124,0.8472602963447571,0.9257583618164062,0.3514416515827179,0.0010000000474974513
13,0.8396952152252197,0.917758047580719,0.37090927362442017,0.8431506752967834,0.9256242513656616,0.35168781876564026,0.0010000000474974513
14,0.8399748206138611,0.9173200726509094,0.3726044297218323,0.8452054858207703,0.9258492588996887,0.351785808801651,0.0010000000474974513
15,0.8406739234924316,0.9174960851669312,0.37149807810783386,0.8438355922698975,0.9257781505584717,0.35159653425216675,0.0010000000474974513
16,0.8391358852386475,0.9181084632873535,0.36986395716667175,0.8434931635856628,0.9264764785766602,0.35065320134162903,0.0010000000474974513
17,0.8421420454978943,0.9201499819755554,0.36592984199523926,0.8452054858207703,0.926003098487854,0.35189926624298096,0.0010000000474974513
18,0.839205801486969,0.9184967875480652,0.37013766169548035,0.84212327003479,0.9270561337471008,0.3494982421398163,0.0010000000474974513
19,0.8414429426193237,0.9202136397361755,0.3658601939678192,0.8452054858207703,0.9259153008460999,0.3504919409751892,0.0010000000474974513
20,0.8424217104911804,0.9210881590843201,0.3632338047027588,0.8441780805587769,0.9260483980178833,0.35043925046920776,0.0010000000474974513
21,0.8408836722373962,0.9214932322502136,0.3623373508453369,0.8428082466125488,0.9258314967155457,0.35245874524116516,0.0010000000474974513
22,0.8410235047340393,0.9195972681045532,0.3668951690196991,0.8448629975318909,0.9250312447547913,0.35242360830307007,0.0010000000474974513
23,0.8433305621147156,0.9205494523048401,0.3654929995536804,0.84212327003479,0.9256783127784729,0.3515450358390808,0.0010000000474974513
24,0.8410235047340393,0.9217707514762878,0.3622162640094757,0.8417808413505554,0.925645649433136,0.35208967328071594,0.0010000000474974513
25,0.8424217104911804,0.9217453598976135,0.3624051809310913,0.841438353061676,0.9253053665161133,0.35389357805252075,0.0010000000474974513
26,0.8421420454978943,0.9216324090957642,0.3623974919319153,0.840068519115448,0.9258062243461609,0.35204508900642395,0.0010000000474974513
27,0.843120813369751,0.9229981303215027,0.3591006398200989,0.840068519115448,0.9263244271278381,0.35072848200798035,0.0010000000474974513
28,0.8436800837516785,0.923342764377594,0.35841625928878784,0.840068519115448,0.9267052412033081,0.3521806597709656,0.0010000000474974513
29,0.8454278707504272,0.9249876737594604,0.35495591163635254,0.8438355922698975,0.9268923401832581,0.3485493063926697,0.0005000000237487257
30,0.8464065790176392,0.9249542951583862,0.35440289974212646,0.8431506752967834,0.9268335103988647,0.34835562109947205,0.0005000000237487257
31,0.8439597487449646,0.9252934455871582,0.3532411456108093,0.8431506752967834,0.9267389178276062,0.3484455347061157,0.0005000000237487257
32,0.8470357656478882,0.9253939390182495,0.3535597324371338,0.8431506752967834,0.9263855814933777,0.3495631515979767,0.0005000000237487257
33,0.8444491028785706,0.9247440099716187,0.35492241382598877,0.8417808413505554,0.9263015985488892,0.3489232063293457,0.0005000000237487257
34,0.8436101675033569,0.9247836470603943,0.35452672839164734,0.8410958647727966,0.9261313080787659,0.34914839267730713,0.0005000000237487257
35,0.8457773923873901,0.9245777726173401,0.3556942641735077,0.8404109477996826,0.9259310364723206,0.34941065311431885,0.0005000000237487257
36,0.8478047847747803,0.9269438982009888,0.3503715991973877,0.841438353061676,0.9257105588912964,0.3502269387245178,0.0005000000237487257
37,0.8468959927558899,0.925902783870697,0.3524296283721924,0.841438353061676,0.9254814982414246,0.35106298327445984,0.0005000000237487257
38,0.8473853468894958,0.9263556599617004,0.351557195186615,0.8417808413505554,0.9255614876747131,0.3508552014827728,0.0005000000237487257
39,0.8479446172714233,0.926372230052948,0.3514364957809448,0.8424657583236694,0.9257020354270935,0.35026225447654724,0.0005000000237487257
40,0.847665011882782,0.9269079566001892,0.3503420650959015,0.84212327003479,0.9261375069618225,0.3494580090045929,0.0005000000237487257
41,0.8502516746520996,0.9278622269630432,0.3487478792667389,0.8424657583236694,0.9263200163841248,0.34875115752220154,0.0002500000118743628
42,0.8492029905319214,0.9280112981796265,0.34718871116638184,0.841438353061676,0.9257997870445251,0.3502150774002075,0.0002500000118743628
43,0.8478047847747803,0.9281376600265503,0.3477385640144348,0.841438353061676,0.9261453747749329,0.349458783864975,0.0002500000118743628
44,0.8503215909004211,0.9291999936103821,0.3450566828250885,0.8404109477996826,0.9258205890655518,0.35075119137763977,0.0002500000118743628
45,0.8492729067802429,0.9278445839881897,0.3478999137878418,0.8424657583236694,0.9257979393005371,0.3499948978424072,0.0002500000118743628
46,0.8489933013916016,0.927500307559967,0.3492250442504883,0.84212327003479,0.9257871508598328,0.3497040569782257,0.0002500000118743628
47,0.848783552646637,0.9289634823799133,0.3449859321117401,0.8404109477996826,0.9262094497680664,0.3496161699295044,0.0002500000118743628
48,0.8482242822647095,0.9292647242546082,0.34426912665367126,0.8424657583236694,0.9260486364364624,0.34936419129371643,0.0002500000118743628
49,0.8492029905319214,0.9269570708274841,0.35055220127105713,0.841438353061676,0.9261481761932373,0.3493829071521759,0.0002500000118743628
50,0.8493428230285645,0.9298841953277588,0.34336668252944946,0.8428082466125488,0.9262915253639221,0.34987273812294006,0.0002500000118743628
51,0.850671112537384,0.9298779964447021,0.34377390146255493,0.84212327003479,0.9260761141777039,0.35009077191352844,0.0001250000059371814
52,0.8480145335197449,0.9291386604309082,0.3437814712524414,0.841438353061676,0.9260291457176208,0.35032328963279724,0.0001250000059371814
53,0.8507410287857056,0.9293351769447327,0.3440279960632324,0.8428082466125488,0.9261589050292969,0.35004177689552307,0.0001250000059371814
54,0.849412739276886,0.92901211977005,0.3449700176715851,0.8417808413505554,0.9258201122283936,0.35032427310943604,0.0001250000059371814
55,0.8494826555252075,0.928527295589447,0.34551653265953064,0.841438353061676,0.9259598851203918,0.3501180112361908,0.0001250000059371814
