arbre,binary_logloss_entrainement,auc_entrainement,binary_logloss_validation,auc_validation
0,0.6729585250877527,0.8926766019721668,0.6712405103381297,0.8844859159225329
1,0.6595354373119655,0.9054800098624873,0.657568242426746,0.8967496511192194
2,0.6467158004105601,0.9092325137190258,0.6448319781422623,0.9008173333681903
3,0.6348090963099171,0.9107093808953782,0.6326723113574224,0.9036995678982376
4,0.6234585656404495,0.9113565807922066,0.6213749758220972,0.9044822932889156
5,0.6125710147038904,0.9113043697515116,0.610349408661047,0.9051483101223354
6,0.6024437246609659,0.9127959107878912,0.5999940887861324,0.907236615240208
7,0.592605136289582,0.9144606963759286,0.5901334001424771,0.9081886458446151
8,0.5829956941476433,0.9150569640279622,0.5804421618663833,0.908735464338222
9,0.5738614779029441,0.915450561905502,0.5714221276161519,0.9084027671443314
10,0.5653173471750432,0.9154751302873431,0.5631066520570591,0.9082617832071636
11,0.5571712005054698,0.9155272638252563,0.5553909652522158,0.9078487905258794
12,0.5492676886971489,0.9158744504536083,0.5474249836911355,0.9080728709558151
13,0.5419314129286174,0.9163727804236653,0.5404635261279123,0.9081456970955442
14,0.5347698158201459,0.9164342272125288,0.5334626518432036,0.908137605302241
15,0.5279758794466436,0.9168571728101227,0.5267642759326023,0.9084622107028283
16,0.521497543019742,0.91705492115797,0.5204539906933958,0.9086763320025446
17,0.5151183687128891,0.917493716074449,0.5142506699983975,0.9091434774543965
18,0.5091378110707049,0.917586138141785,0.5084169790324888,0.9090855900099964
19,0.5035549288589818,0.9178228058032429,0.5030512781880548,0.9090669166408352
20,0.4980975035176872,0.9180323474910593,0.49768194572525226,0.9092520942183514
21,0.4926757349127448,0.918296993656759,0.49268672128050656,0.9091257377536933
22,0.4876181314897026,0.9183315986488475,0.4876247514525034,0.9093491957379902
23,0.4826556977829838,0.9186819758083851,0.48294045294890203,0.9094799093221193
24,0.4777790606631309,0.9191496792624877,0.4779557181748216,0.9101639770790618
25,0.4731599531563304,0.9193209862445996,0.4731620614114703,0.9105396230220234
26,0.4687258938621397,0.9195520607886353,0.4686446062658697,0.9107089282357526
27,0.4643864001494929,0.9199513938720307,0.4643050329250674,0.9112619711857465
28,0.4603668654329397,0.9200753595715729,0.4603024376490218,0.9114322100679337
29,0.45646589825799555,0.920151635226027,0.4566508910729275,0.9114543068881079
30,0.45263024438190713,0.9203123889126794,0.4531143369161332,0.9113743226235337
31,0.4490241590738054,0.9204888756640438,0.44995278982593967,0.9113441340100562
32,0.4454429565009541,0.9207912786016266,0.44640582229501996,0.9117400094362759
33,0.44206465269910694,0.9210366007403893,0.44329330715736315,0.9118473813089534
34,0.4387736812311402,0.9212017333342152,0.44020086195165953,0.9118977994056889
35,0.43555225273623843,0.9214596496750257,0.4372634326948798,0.9120574567120181
36,0.43237733470655715,0.9218106597739482,0.43422276532456,0.9125796886028958
37,0.4293870940566386,0.921913764308047,0.43131819672321703,0.9126904839265862
38,0.4265406805281991,0.9221041628087504,0.4284837986034801,0.9129456866384574
39,0.42373696586522663,0.9222954655085753,0.425922597844079,0.9130960072602059
40,0.4210557167096743,0.9225097348660835,0.4235008172587759,0.9131654099489221
41,0.41844448832845943,0.9227308503026536,0.4213335031824113,0.9132329453007222
42,0.41593727412479625,0.922790566196056,0.4191860836004105,0.9132030679100641
43,0.4134624059611246,0.9229613177415648,0.4168371317570014,0.9133988270634384
44,0.41111702703953074,0.9231236602352447,0.41476753014988965,0.9134657399695998
45,0.40877319426132347,0.9233865238369623,0.4127358492883541,0.9136860857257032
46,0.4065910070300882,0.9235381192782279,0.41060546485012467,0.9139487577852389
47,0.4044670472584912,0.92370562862403,0.4087349228019326,0.9140832060432003
48,0.4022639520833396,0.9238829033203432,0.4067375613646894,0.9142606030502326
49,0.4002894190982294,0.9240272264172469,0.40520125221721087,0.9142823886475875
50,0.3983804766681598,0.9241508304371405,0.40348999907588756,0.9144018982102198
51,0.3965093710160299,0.9242622665202863,0.40173947026513374,0.9145687136413941
52,0.3946673368636905,0.9243914894918628,0.400148002613713,0.9146250449716974
53,0.3929135241249156,0.9245572421079434,0.39870692977873506,0.9146963149973297
54,0.3911879220092258,0.9247043165536022,0.39706222692961285,0.9149216403185427
55,0.38949079028637407,0.9248403468528497,0.3958039834922486,0.9148793140151105
56,0.3879335146559301,0.9249277441564969,0.3944560358488073,0.9148780691238331
57,0.3864226316512294,0.9250119509289587,0.39317070629180534,0.9149701910783622
58,0.38495038184282987,0.9251561965230806,0.39195780705151284,0.9150399049898977
59,0.3834526434997502,0.9253501472346181,0.39046045775028104,0.9153853623193818
60,0.38203107148960846,0.9254855962630019,0.3892309850541765,0.9155104738927625
61,0.3805633191228584,0.9256813553727822,0.3879431700906782,0.9158319670651563
62,0.37917530233160845,0.9258160810418689,0.3867137544252397,0.91599909371915
63,0.37770453407436655,0.9260384623572089,0.38542878934785796,0.9162082354537566
64,0.3763945876736021,0.9261736917943775,0.3842495560469423,0.916342683711718
65,0.3750653160650299,0.9263255714125099,0.38305198165464593,0.9165508917778665
66,0.3738325743448151,0.9264825920485039,0.38196845257256734,0.9167606559581118
67,0.37264781180978274,0.9266390830821555,0.38092643406037396,0.916976333371925
68,0.3713860524378518,0.9268591134797798,0.37995733123157865,0.917130699890325
69,0.3701253261010405,0.9271059985913095,0.37882694851441095,0.9174017749659833
70,0.3690507307353809,0.9272190363986131,0.37793393924743124,0.9175225294198931
71,0.3678929601778597,0.9273883283083975,0.3771455702703859,0.9175337334413899
72,0.36676889835274834,0.9275071013215568,0.3762684611338572,0.9175461823541641
73,0.36574127966153974,0.9276255384893282,0.3753706093272974,0.9177092631115061
74,0.36474578536755975,0.9277392867387987,0.3745230009045393,0.9178654969668224
75,0.3636520587826919,0.927935846710658,0.3735645484420773,0.9180497408758806
76,0.36263385556564903,0.9281210525249787,0.3727643182004647,0.9181916584815065
77,0.36172711596992735,0.928230060187627,0.3721143074482768,0.9182560816051131
78,0.36084687866632326,0.928327894532561,0.3713581737512084,0.9183836829610486
79,0.35994254201928877,0.9284753435749987,0.37078070619012216,0.9184144940201647
80,0.359069253049321,0.9285920240130485,0.37002728013311725,0.9185769523318681
81,0.3582040690105587,0.9287274342900415,0.3693897369267621,0.9187263392851586
82,0.3573096192621479,0.9288667455403866,0.3686852041105391,0.9189065372975651
83,0.3564436267112087,0.9290278221552966,0.36818462670821833,0.9189289453405587
84,0.3555336987162743,0.9292101991180803,0.36756755554963433,0.9190951383260942
85,0.35472138178270735,0.9293520292088351,0.36698213226801085,0.9191654746832686
86,0.35390467722100005,0.929490862525359,0.36642384573053755,0.9192407906055524
87,0.35317444528746583,0.9295928045177302,0.36605522353503517,0.9192383008229976
88,0.35230516202276496,0.9297692525177037,0.3653069535845017,0.919442774215314
89,0.35159621473835223,0.9298936186482853,0.36469853854641887,0.9196120794290431
90,0.3509339732742542,0.9300323486277667,0.3642240918805359,0.9196463139391722
91,0.3501720923834208,0.9301858428871874,0.3634948396857058,0.919803170240127
92,0.3494453223988507,0.9303334340180583,0.3630013921767243,0.9199525571934175
93,0.3486979442210721,0.930498514943363,0.3624797856538777,0.920112525722566
94,0.348084703335194,0.9305756172941567,0.3619227647056075,0.920260667784579
95,0.3474262418440083,0.9306686723008778,0.36156210719256654,0.9202233210462564
96,0.34677402297726,0.9308123366241359,0.3612572600376115,0.9202700044691597
97,0.3461697888644637,0.9309442721930766,0.3609137405668493,0.9203390959350565
98,0.34554276484226865,0.9310674241134095,0.3605946109315288,0.9203126419954113
99,0.3449208508169536,0.9311972929415013,0.3600818819456942,0.920474477861476
100,0.34435018305168297,0.9313103436659353,0.35961143177937543,0.9205784262831406
101,0.3437543602021542,0.9314437001192096,0.3592011484143919,0.9206739716886826
102,0.3432349896082283,0.9315197820167092,0.35890705795639416,0.9207094510900891
103,0.34262013232581223,0.9316773839235669,0.3585565125333139,0.9207835221210956
104,0.34202729609811594,0.9318295348014358,0.35808759036182813,0.9209154805965021
105,0.34155561475095386,0.9319111968992274,0.35783665624530453,0.9209335315200247
106,0.34102035232753714,0.9320769753495686,0.35752102428145704,0.9210493064088248
107,0.3404634758688776,0.9322199163135295,0.35724723182170814,0.9211140407552506
108,0.33997488560751876,0.9323173889788151,0.3569509619313627,0.9211071938532248
109,0.33945468102940196,0.932417160893295,0.3566467035749947,0.9211868668949798
110,0.3389632835727242,0.9325285323907893,0.3563243853775315,0.9212105198292507
111,0.3384578725690849,0.9326539835603166,0.35593429737251997,0.9213524374348766
112,0.3379273158163993,0.9327937210759618,0.35546702861963037,0.9215068039532768
113,0.3374602924575438,0.9329018245394888,0.3551722847607035,0.92155348737618
114,0.3368849015061838,0.9330805330372658,0.35467952936243274,0.9217377312852382
115,0.33639345132034737,0.9332181779778016,0.3544955093750851,0.921768231121535
116,0.33595913893461354,0.9333025268386966,0.35431765133678284,0.9217781902517543
117,0.3355099641009668,0.9334020662448311,0.35412555181488037,0.9217943738383608
118,0.3350248047712903,0.9335427854623796,0.35392235276070066,0.9218472817176512
119,0.33451743316417715,0.9336826004808066,0.3536268496160573,0.9219353577755287
120,0.33407421407911325,0.9338099633856192,0.3534611973199259,0.9219683473943803
121,0.33357357926613973,0.9339618688380121,0.3531653013287628,0.9220834998375417
122,0.3331549249816231,0.934065696731408,0.35319883111820666,0.9219870207635417
123,0.332734347999369,0.9341798324947876,0.3528718708441627,0.9220747855985998
124,0.3322695686959622,0.9343231093041366,0.3527280872525851,0.9220803876093482
125,0.3318573803122819,0.9344314323588788,0.35249406094518526,0.9221326730429998
126,0.3314829479519249,0.9345305067483222,0.35224388405025187,0.9222515601599934
127,0.33109007671160556,0.9346398890077494,0.3519775092017512,0.9223144271695032
128,0.33071490158313593,0.9347395575851869,0.35179113435957043,0.9223816512984838
129,0.33039189103540817,0.934829486646374,0.3517098685101503,0.9223828961897612
130,0.33001662317240626,0.934924737565247,0.3516152570402546,0.9223934777656193
131,0.3295805740072792,0.9350664384846987,0.35119293761423254,0.922617558195555
132,0.32924390272498766,0.9351396527792705,0.3511267164750409,0.9226082215109743
133,0.3288852200587743,0.9352251900161537,0.35092099096127544,0.9226816700963422
134,0.32855050761719146,0.9353166174644562,0.3508658006169703,0.9226636191728196
135,0.32812841313143937,0.9354671795352975,0.35060025140486195,0.9227488942253228
136,0.3276801664007294,0.9356022152155115,0.35024811791439614,0.9229294034605487
137,0.32729259635741903,0.9357180818743521,0.3500209507527572,0.9229879133505875
138,0.32693347433892644,0.9358236406632089,0.349879781081034,0.9230265049801876
139,0.3265962025359135,0.9359286827668535,0.3497030451612342,0.9231124024783296
140,0.3262448667773435,0.9360380133577595,0.3495493541887297,0.9231335656300457
141,0.3258445776678812,0.9361807734818962,0.34944674297187495,0.9231441472059038
142,0.32550022389126904,0.9362917316312207,0.3493445390504488,0.9231734021509231
143,0.32516219912410405,0.9364140310209534,0.3490756468140787,0.9232717485618394
144,0.3248090171983925,0.9365219407275258,0.34896332913453043,0.9233122075283555
145,0.32446400299151595,0.9366477794109623,0.3487982098674926,0.9233551562774265
146,0.32415630230111503,0.9367377084721494,0.34856274452885105,0.9234130437218265
147,0.32384864122623963,0.9368342252697923,0.34843379519231854,0.9234298497540717
148,0.3235169355729329,0.9369333771620176,0.34814913599019753,0.9235605633382009
149,0.3231938466125234,0.9370514397330102,0.34805812241555883,0.9235748795878912
150,0.322866675690979,0.9371434872035673,0.34799294548633253,0.9235966651852461
151,0.32257182178788485,0.9372373947408885,0.3479380205202327,0.9235879509463041
152,0.32223936579588225,0.9373540622618081,0.34790550799448955,0.9235923080657751
153,0.3219027795114457,0.9374707556169882,0.3477905323427611,0.9236389914886783
154,0.3215686594256103,0.9375839355127253,0.34772410583807073,0.9236371241517622
155,0.32130764217088786,0.9376780238898709,0.3476301226298354,0.9236707362162525
156,0.32095940398735345,0.9377926246699415,0.3475140106176052,0.9237217767586268
157,0.32065910868220093,0.9379077679694849,0.34726894096716787,0.9237952253439946
158,0.3203960565639696,0.93798069808719,0.3473016612411026,0.9237753070835558
159,0.3201107279456045,0.9380865152186529,0.3471707879346796,0.9238375516474269
160,0.3198425888818938,0.9381732408315242,0.3470656915680593,0.9238885921898011
161,0.31957996270742206,0.9382770170563989,0.34704784628817154,0.9238425312125366
162,0.31928807446659624,0.9383711829363262,0.34687392309458515,0.9239091328958785
163,0.3189378839377828,0.9385124188390869,0.3466008384037843,0.9240659891968335
164,0.3186065846998847,0.9386332715102254,0.3463927536995262,0.9241350806627303
165,0.31838871916414796,0.9387121176736104,0.34630874631338177,0.9241406826734787
166,0.3180517169881311,0.9388436140601206,0.34602007980982086,0.9243323959302014
167,0.317790623115851,0.9389498187054928,0.3459305272593606,0.9243417326147821
168,0.31750286908557407,0.9390651170105999,0.34587632964535747,0.9243703651141627
169,0.3172116772205342,0.9391801311388404,0.34581054195789185,0.9243840589182144
170,0.31688521178287804,0.939302172185967,0.3456826315792746,0.9244712013076338
171,0.3166077431756835,0.9394014015809741,0.345685321119778,0.9244369667975048
172,0.3163047031630179,0.9395100604811042,0.34546990893447377,0.9244979664700983
173,0.31601234230363473,0.9396193135692283,0.3454013573420943,0.924507303154679
174,0.31574869084563423,0.939708415934076,0.3453644619169656,0.9245110378285113
175,0.3154701971897619,0.9398149047563147,0.3453005551056409,0.9245527416863049
176,0.315247553332288,0.9399044463035927,0.34525771169692865,0.9245446498930016
177,0.31497275853312684,0.9399980954983077,0.34526414276997014,0.9245303336433113
178,0.3146967009174424,0.9401076585975593,0.34517588585105546,0.9245732823923822
179,0.31442001285503085,0.9402130107123312,0.34510738839598093,0.9245751497292984
180,0.3141960965778833,0.9402826340446779,0.34521914042982493,0.9245421601104468
181,0.3139566290392276,0.940378014134854,0.3451277014551791,0.9245838639682403
182,0.3137171996512251,0.9404592628844758,0.3449780288892897,0.9246429963039178
183,0.31345746756213977,0.9405805289037841,0.3449570448893242,0.924659802336163
184,0.31322874042531207,0.940647026290597,0.344908679339108,0.9246591798905243
185,0.3129642177881027,0.9407610587169342,0.3447181431723169,0.924769352768576
186,0.3127153691475011,0.9408444775444473,0.3446622859507261,0.9247730874424083
187,0.3124641288993134,0.9409348199538042,0.3445952892615,0.9247799343444341
188,0.3122290113004402,0.9410263249048886,0.3445506827069532,0.9248191484196727
189,0.31197853210280324,0.9411290419250782,0.34442278312873925,0.9248733011902406
190,0.31170782268213126,0.9412178342787983,0.3443898846545741,0.9248589849405502
191,0.31149405413539305,0.9413045340574091,0.3444027820607512,0.9248216382022276
192,0.3112019654515543,0.9414507559724677,0.3442550623828734,0.924928076406447
193,0.31097544318310966,0.9415478152895834,0.34422687270308383,0.9249679129273245
194,0.31074540842237935,0.9416268681270533,0.34427729376401195,0.9249193621675051
195,0.31045235898042034,0.9417415722441664,0.34427577818194066,0.9249206070587825
196,0.31020128471558267,0.9418392774177975,0.344250420686946,0.924971025155518
197,0.30994352214425913,0.9419414519185142,0.34418282913455206,0.9249928107528729
198,0.3096723917710999,0.9420477857351893,0.34403577355605786,0.9250326472737503
199,0.3094279182797792,0.9421259343735378,0.3441339548348266,0.92497973939446
200,0.3091871208496726,0.9422316481679582,0.3441797324010894,0.9249878311877632
201,0.3089301675432727,0.942341392107034,0.34393574476744104,0.9250755960228213
202,0.3086812890873433,0.9424375472250284,0.3437873259137176,0.9251210345544472
203,0.30844577941588,0.9425348648847502,0.343730109973543,0.9251670955317117
204,0.3081842677907587,0.9426343009538423,0.343742752908597,0.9251770546619311
205,0.3079348705934041,0.9427376121620259,0.34363504383106996,0.9251938606941763
206,0.30767652740420653,0.9428503787095931,0.34352576539863744,0.9252697990620989
207,0.3074754615258291,0.9429346500677064,0.3434621356911937,0.9252959417789247
208,0.30725940949319774,0.9430126953690124,0.3433748897495119,0.925318972267557
209,0.30700634334339383,0.9431103488741223,0.34333441285539007,0.9253395129736345
210,0.3067349296284543,0.9432472704553608,0.343459572165873,0.9253077682460602
211,0.30647356843071855,0.9433491866134716,0.34337020198413826,0.9253687679186539
212,0.30622623323505704,0.9434342071651425,0.3434615474298519,0.925323329387028
213,0.30594818242117533,0.9435443127838669,0.34336932876826926,0.9253575638971571
214,0.3057517050459941,0.9436253290251432,0.34343306388694494,0.9253289313977764
215,0.3054908803881838,0.9437221299996528,0.3432040385121169,0.9254353696019958
216,0.30530418513171304,0.9437829955176524,0.34325003905026097,0.9254030024287829
217,0.30508365407905713,0.9438680677378447,0.34329509202957514,0.9253837066139828
218,0.3048477864735041,0.943957118434171,0.34324552138764564,0.9254123391133635
219,0.3046508826134089,0.944036894630938,0.3432856598720734,0.9253911759616474
220,0.304400850518316,0.9441474652663533,0.3432735853340223,0.9253830841683441
221,0.30418634275065465,0.9442263114297382,0.34322113634220897,0.9254104717764474
222,0.3039710122605098,0.9443008174373405,0.3434084743967055,0.9253264416152215
223,0.3037031680636733,0.9444241501974977,0.3433860777547161,0.9253687679186539
224,0.3034946002497057,0.9445150092920669,0.3433243544661884,0.9254036248744216
225,0.3032409407763934,0.9446319609898531,0.3432798002407336,0.9254023799831441
226,0.30296692269381315,0.9447362022314187,0.34317665798223435,0.92544781851477
227,0.3027127769847917,0.9448492271215921,0.3430725581811762,0.9254720938946797
228,0.3024796232703409,0.9449585318782375,0.34315806833311924,0.9254540429711571
229,0.3022337742811776,0.945058200455675,0.3430773006101015,0.9254951243833119
230,0.30203240365070305,0.9451247495110091,0.3431136128782612,0.9254783183510669
231,0.30177581804318904,0.945231496675854,0.3431624880505014,0.9254596449819055
232,0.3015646584534926,0.9453182222887253,0.3431778335104992,0.92544781851477
233,0.30133851424460145,0.9454111997926645,0.34316560545796065,0.9254615123188217
234,0.3011008638796749,0.9455120050775689,0.34314352997429487,0.9254359920476345
235,0.3008514181935548,0.9456088060520785,0.34313189548152245,0.925490767263841
236,0.30057430410816943,0.9457375123384428,0.34288278637414077,0.9255723076425121
237,0.30029576308883627,0.9458585716836663,0.34285829216807306,0.9255704403055959
238,0.3000401256733603,0.9459643113123474,0.342903436572018,0.9255567465015443
239,0.2997857322765193,0.9460605697673842,0.34293543129979004,0.9255050835135313
240,0.2995559158776708,0.9461686344795203,0.34288799793834257,0.9255362057954668
241,0.29935454550848123,0.9462438638464197,0.34289126612469045,0.9255449200344088
242,0.29911863975943276,0.9463574829245871,0.3429257255285978,0.9255250017739701
243,0.2989221410464504,0.9464312139043711,0.3428724585612532,0.925542430251854
244,0.2987314886689019,0.9465094400455014,0.3428277267846171,0.925576664761983
245,0.29849964850579,0.9465839202188431,0.34280597505749694,0.925576664761983
246,0.2982461274062165,0.9467047987242422,0.34282315741915476,0.9255492771538798
247,0.2980155425667382,0.9467825856829422,0.3428250826744715,0.9255536342733507
248,0.29780334124639096,0.9468610960009392,0.3428730493508685,0.9255150426437507
249,0.29762699130450504,0.9469338711130805,0.3429025890021672,0.9255156650893894
250,0.2974053665439447,0.947017599951721,0.3429041576165497,0.9255088181873636
251,0.2971661406897788,0.9471055139405804,0.34295517199350817,0.9255044610678926
252,0.2969507024296981,0.9471752406099696,0.3429484452780717,0.9254882774812861
253,0.2967289879140561,0.9472794560172747,0.34293652303645744,0.9254926346007571
254,0.29648591594425133,0.9473888899452231,0.3428776124297281,0.9255175324263055
255,0.2962674218302982,0.9474735746515062,0.34296010991761544,0.9254814305792604
256,0.2960378629101678,0.9475758524892653,0.34298201129737194,0.925490767263841
257,0.2958761330809196,0.9476267976511904,0.34303280530387426,0.9254602674275442
258,0.2956146318269438,0.9477323306057865,0.34294122367937413,0.9255032161766152
259,0.29538258239918463,0.9478353318028429,0.3428270559963607,0.9255505220451572
260,0.2951742701833596,0.9479296785225945,0.34275165817492104,0.9255673280774024
261,0.2949596298272483,0.9480229143691398,0.34271501093019996,0.9255978279136992
262,0.2947536995992538,0.9481070048874287,0.34255252342630954,0.9256787458467315
263,0.2945702116531331,0.9481845851720437,0.34261396539191774,0.9256451337822411
264,0.29436310026893897,0.9482767101453828,0.34240486041030066,0.9257254292696347
265,0.29419321195109305,0.9483458942952993,0.3424354338796139,0.9257117354655832
266,0.2940015356606239,0.9484286155977758,0.34242828554191457,0.9257223170414411
267,0.29375725164446176,0.9485169946033263,0.34243118678254136,0.925714225248138
268,0.2935024929192228,0.9486219850384496,0.34233922803729455,0.9257540617690154
269,0.2932920518387563,0.9487140583432675,0.3423936746582502,0.9257553066602928
270,0.2930752066138619,0.9488038323988909,0.34228027074959505,0.9257901636160606
271,0.29283180090558913,0.948894355648072,0.3421155096655345,0.9258717039947316
272,0.2925978695030968,0.9490075613780697,0.34210494435739186,0.9258455612779058
273,0.2923146258066298,0.9491314108234391,0.3420457190209939,0.9258791733423961
274,0.2920627172453525,0.9492365304298656,0.34200184509518844,0.9258909998095316
275,0.29183616120392575,0.949352939608179,0.34197638366433736,0.9259127854068865
276,0.291613307439497,0.949446330460288,0.34202260155693864,0.9258909998095316
277,0.29140472576469606,0.9495412455337731,0.341911346085556,0.925978142198951
278,0.2911797621560465,0.9496448409188234,0.3419871699301485,0.9259351934498801
279,0.2909499545558191,0.9497534481504323,0.34200274932231206,0.925872948886009
280,0.2907426269385895,0.9498291425340227,0.3419253994373494,0.9259140302981639
281,0.29050766584026355,0.9499286561058965,0.34170768114269207,0.9260123767090801
282,0.29024399309642923,0.9500462278259374,0.34171681493497447,0.9259943257855575
283,0.2900242608379575,0.9501342709860999,0.3418562370056962,0.9259351934498801
284,0.289814003776468,0.9502199115600256,0.34189409844799457,0.9259407954606285
285,0.28959612308149274,0.9503264003822643,0.34169828602119273,0.9260223358392995
286,0.289407769657129,0.9504054532197342,0.34170223109192444,0.9260453663279318
287,0.2892446193013531,0.9504522132314402,0.34177846217313634,0.9260354071977124
288,0.28905374131006084,0.9505322994393346,0.34178201346862724,0.9260304276326027
289,0.28889751202609665,0.9506018452688996,0.3418191366500117,0.9259688055143704
290,0.28868971780509933,0.9506921360097351,0.34190300410882934,0.9259401730149898
291,0.2884805596119783,0.9507753998316846,0.341958769844124,0.9259196323089123
292,0.288323983879514,0.9508517659060509,0.34198975995007874,0.9259015813853897
293,0.2881027509873402,0.9509337638492305,0.34188010834243465,0.9259370607867962
294,0.28795202808170894,0.9509934668255026,0.34193989934703417,0.9259233669827446
295,0.2877666425654815,0.9510667327885955,0.3418420672750497,0.9259476423626543
296,0.2875718969342202,0.9511387845414399,0.34179540574423417,0.9259874788835317
297,0.28733149195669017,0.9512348621566523,0.3417375350431441,0.9260335398607963
298,0.2871429102284564,0.9513232669964634,0.3417944682574593,0.9260042849157769
299,0.2869257527634179,0.9514051099340792,0.34188800847968737,0.9259924584486414
300,0.28670716837217536,0.9514857903299676,0.34184374690244906,0.9259905911117252
301,0.2865222566913353,0.951549859296283,0.34191291074288255,0.9259638259492607
302,0.2863601627543226,0.9516056096306816,0.341906097269931,0.9259806319815059
303,0.28615619692483524,0.9516985354660996,0.3419239920728875,0.9259887237748091
304,0.2859866055673315,0.9517737389987385,0.34194368353688354,0.9259806319815059
305,0.285796280559182,0.9518606971199552,0.342057068016914,0.9259239894283833
306,0.2855747347679619,0.9519402408083768,0.34204826889475076,0.9259252343196607
307,0.2853956887660933,0.9520083657536081,0.3420241264190672,0.925948264808293
308,0.28524044803234205,0.9520785057711671,0.34204100588808994,0.9259426627975446
309,0.28504099562763574,0.9521528567732058,0.34188976735798776,0.9260123767090801
310,0.28483237022130475,0.9522214984036493,0.34185614853577867,0.926049101001764
311,0.28463993212431804,0.9523210119755232,0.341944912952839,0.9259874788835317
312,0.28449898705511933,0.9523778215146069,0.3418673616905768,0.9260335398607963
313,0.28432557280892595,0.9524473931784325,0.34180542220550914,0.9260721314903962
314,0.2841384682201092,0.9525276343918905,0.34177613636200954,0.9260908048595576
315,0.28395311422226904,0.9526003320012499,0.34173940535223063,0.9261044986636092
316,0.28379406197708246,0.952660706668298,0.3417346744868336,0.9261275291522415
317,0.2835747932028313,0.9527559317529104,0.3417417142559677,0.9261088557830802
318,0.28338937768008726,0.9528040093119076,0.3418235428567543,0.9261213046958544
319,0.2832288942611662,0.9528782053083825,0.34178392703221566,0.9261194373589382
320,0.28302799060346856,0.9529594798922649,0.34168376735351846,0.9261623861080093
321,0.28283426693405916,0.9530320224960608,0.3416710714361167,0.9261536718690673
322,0.28262392476381,0.9531103519742335,0.3417824900752341,0.9261094782287189
323,0.28244604246428073,0.9531809828427442,0.34171924081259003,0.9261300189347963
324,0.2822624987819522,0.9532638849850451,0.341668574598571,0.9261449576301254
325,0.28204226564666457,0.9533442295355454,0.34161746613982547,0.9262065797483576
326,0.28185472635143677,0.9534235407156214,0.34173114113497044,0.9261132129025511
327,0.2816422316184208,0.9535108605164868,0.34173021052842395,0.9261063660005253
328,0.28148559699596876,0.9535709768409287,0.34167905690554173,0.9261231720327705
329,0.2812777449825488,0.9536659694171956,0.3417644609029364,0.9261250393696866
330,0.28109818803559694,0.9537321309586205,0.3417691915273604,0.9261194373589382
331,0.28091623116279746,0.9538082386903807,0.3418097744142803,0.9260951619790285
332,0.28072888779194666,0.9538670633017922,0.3418190757756356,0.9260957844246672
333,0.2805361725276134,0.9539549772906516,0.3418106554579797,0.9261044986636092
334,0.28035460197245077,0.9540252206452531,0.3418392816380008,0.926087692631364
335,0.28013673008619455,0.9541017933937042,0.3418675448396282,0.9260733763816738
336,0.27991773120422786,0.9541983618598684,0.3418835340341189,0.926087692631364
337,0.2797201442630329,0.954286198345946,0.3418552764850867,0.9261007639897769
338,0.2795569562976095,0.9543570875570627,0.3420395099323506,0.9260080195896091
339,0.27932657685024515,0.9544520026305477,0.34214021385641596,0.9259663157318155
340,0.27914830211281083,0.9545181900062333,0.342096316343786,0.9259862339922543
341,0.27895452814280636,0.9546026163699103,0.34210688186391364,0.9259775197533123
342,0.27876505593052103,0.9546860093631627,0.3419880121800245,0.9260242031762156
343,0.2785893949738654,0.9547784185133685,0.3418750054254985,0.9260509683386802
344,0.278412879123076,0.9548569546656261,0.3419356418438463,0.9260167338285511
345,0.27819276244392827,0.9549475037490679,0.3419220796576938,0.9260322949695189
346,0.27799562939959266,0.9550216739112822,0.3419749170985777,0.9260428765453769
347,0.2778055341004532,0.9550909613982411,0.34206842830298656,0.9260217133936608
348,0.27761168140838294,0.9551781003592822,0.34199154602742593,0.9260117542634414
349,0.2773831328123162,0.9552639476072928,0.34203419239330113,0.9259912135573639
350,0.27715240634322685,0.9553443179920538,0.34196073821639866,0.9260515907843189
351,0.2769462985556042,0.9554443482491398,0.3419479025671574,0.9260671519252867
352,0.27678451545358795,0.9554904365700699,0.3420590773713166,0.9260173562741898
353,0.27658482293002146,0.9555706777835279,0.3421633577210714,0.9259849891009768
354,0.2764167193674474,0.9556456488078212,0.3421350569033169,0.9259744075251188
355,0.2762110838672375,0.9557340536476323,0.3420906817890352,0.9260142440459962
356,0.2760615900252281,0.9557970117407414,0.342017655924592,0.9260378969802673
357,0.27585823269966336,0.955871698588168,0.34196671005423457,0.9260459887735705
358,0.2756726467466951,0.9559407535667813,0.34204209370924454,0.9259775197533123
359,0.27548830372133293,0.9560118752862437,0.3420352345701651,0.9259943257855575
360,0.27533048302655316,0.9560942607433323,0.34206333243434556,0.9259806319815059
361,0.2751796635632804,0.9561603964504966,0.3421257495586291,0.9259638259492607
362,0.2750167545807748,0.9562303039597101,0.3420847021723468,0.9259787646445897
363,0.2748482254201613,0.9563133352733141,0.3419582564715656,0.9260354071977124
364,0.27465742892986084,0.9563593460914623,0.3419760953191631,0.926057815240706
365,0.27448633895488916,0.956435427988962,0.34201656455733387,0.9260559479037899
366,0.2742817389309118,0.9565221277675726,0.34194536355219735,0.9260820906206156
367,0.27411535309342056,0.9565875659497005,0.3418573532697483,0.9261032537723318
368,0.27394780938825475,0.9566495423409064,0.34180917423919843,0.9261250393696866
369,0.27380807388866035,0.956709813670912,0.34186396716578504,0.9260982742072221
370,0.273616811935514,0.9568033853628453,0.3418303662546712,0.9261076108918027
371,0.2734492239699446,0.9568711486284281,0.3418269499564151,0.9261462025214028
372,0.27320825397229903,0.9569721089188962,0.3418172742021528,0.9261511820865125
373,0.27302629773762394,0.9570560185973609,0.34183408414150657,0.926154294314706
374,0.272844382110119,0.9571206559174097,0.3417852231560871,0.9261760799120609
375,0.272684218159211,0.9571948002453635,0.3417427379376984,0.926154294314706
376,0.27249830665213803,0.9572709079771237,0.34170365724352014,0.9261623861080093
377,0.2723256981761523,0.9573500641516359,0.3418036025620752,0.9261119680112737
378,0.2721341927765594,0.9574299695197059,0.3418774684609174,0.9260758661642285
379,0.2719232346405644,0.9575324023630288,0.34187999873345787,0.9260771110555059
380,0.27176283354945757,0.9575770181311041,0.3419568992424791,0.9260659070340092
381,0.27160649823596056,0.9576510074534942,0.34190689632731214,0.9260739988273125
382,0.2713949241194164,0.9577207857914046,0.3418964159355549,0.926092049750835
383,0.2712213657186968,0.9577906674663575,0.3418506899522344,0.9261144577938286
384,0.2710127073414489,0.9578658193304752,0.3419808531892389,0.9260497234474028
385,0.2708102638835089,0.957943347946569,0.341965152149232,0.9260478561104866
386,0.27060431603204765,0.9580389347108299,0.3419974923264424,0.926038519425906
387,0.27044248185141895,0.958101169444642,0.3420437146296151,0.9260192236111059
388,0.2702334888909852,0.9581671759805032,0.3420738102255855,0.9260073971439704
389,0.27007427392950234,0.9582394860759536,0.34210207419034266,0.9259930808942801
390,0.26991575280157104,0.9582934280121095,0.3420854494616445,0.9259930808942801
391,0.26975371338955534,0.9583337811271839,0.3421127426020313,0.9260335398607963
392,0.26959769182552573,0.9583977984249782,0.3421013894625224,0.9260360296433511
393,0.26942984380493373,0.9584588706170627,0.3420048971689181,0.9260746212729511
394,0.2692523106913495,0.9585379492887931,0.3420235758906972,0.9260733763816738
395,0.269088910180362,0.9586011657245084,0.34207956366213116,0.9260540805668737
396,0.2689242847626178,0.9586689548243519,0.34213325215136814,0.926049101001764
397,0.26871627225207534,0.9587417816050144,0.3420970932668403,0.9260988966528608
398,0.26855976220181454,0.9587976352764556,0.34206794079046426,0.9261032537723318
399,0.26842871958717,0.9588427418954825,0.342184140646535,0.9260627948058157
400,0.26822614108954296,0.9589007398105542,0.3423300652109949,0.9260242031762156
401,0.26805287599244365,0.9589761758515386,0.3422666610589225,0.9260609274688995
402,0.26788329681978856,0.959052464423123,0.34218558777788594,0.9260845804031705
403,0.26769974152906684,0.9591246970157915,0.34215014003710603,0.9261219271414931
404,0.2675514790861971,0.9591758488518014,0.3421869613781841,0.9261163251307447
405,0.26736978755190516,0.9592736831967356,0.3421304192793846,0.9261412229562931
406,0.26716877765005753,0.9593679265794447,0.34217082968872886,0.9260988966528608
407,0.2669956616404854,0.9594226435434189,0.34212964484138886,0.9261225495871318
408,0.26681571085513384,0.9595046414865984,0.3421411359060979,0.9261225495871318
409,0.26664931585986135,0.9595814984119163,0.34214985467853265,0.9261020088810544
410,0.26646399337085463,0.9596593887076587,0.342127193606413,0.926115702685106
411,0.26625373072283126,0.9597632941038363,0.34222614071481805,0.9260615499145383
412,0.26609078625472815,0.9598351650168563,0.34222291106629626,0.9260509683386802
413,0.2659236605500556,0.9599027216083542,0.34229635356861865,0.926049101001764
414,0.26574605687272557,0.9599889822045345,0.3422360843739617,0.9260739988273125
415,0.26556326356212995,0.9600620156592821,0.3423365615569804,0.9260192236111059
416,0.265384650511964,0.9601278671895797,0.3424241431218148,0.9260080195896091
417,0.26523225173484116,0.9602058349881039,0.3424519924410426,0.926010509372164
418,0.2650639949356973,0.960284861991313,0.3424780249623436,0.9259937033399188
419,0.26485688020011633,0.9603688491725596,0.34236923410630815,0.9260242031762156
420,0.26468593633253046,0.9604311614091535,0.3423864966984202,0.9260111318178027
421,0.2644482377790518,0.9605175253423763,0.3423891386281649,0.9259993053506672
422,0.26427125555593156,0.9605843069060559,0.34238609165385714,0.9259881013291704
423,0.26412009817404897,0.9606589420849613,0.34239603412360065,0.9259924584486414
424,0.26393696641522124,0.9607282554061807,0.342451971604446,0.9259619586123445
425,0.2637469967838078,0.9608147485107066,0.3425024358740799,0.9259451525800995
