feature,graine0,graine1,graine2,graine3,graine4,moyenne
met_cloud_cover__min,0.3251069956974762,0.33145807037463304,0.3239913140360894,0.28316124562982864,0.3030447755682016,0.31335248026124574
met_cloud_cover_mid__moy,0.11678655670068466,0.10670034063461471,0.09942165837796428,0.09467537049045607,0.09741781677837309,0.10300034859641857
met_cloud_cover__debut,0.07409515613445804,0.07905903124128577,0.08386804559938585,0.11216339701607354,0.08769399380776072,0.08737592475979279
met_cloud_cover_high__max,0.05591841616999048,0.05165928741802352,0.04964331741837981,0.051901628381808916,0.04814574956361348,0.051453679790363235
met_cloud_cover__moy,0.028603776390604633,0.02427928169336574,0.02371827616003194,0.024561363547105163,0.02601843787028077,0.02543622713227765
met_cloud_cover_mid__fin,0.02344963740591186,0.02564149485010308,0.023380449564421854,0.024379086672316138,0.028752039759283622,0.025120541650407315
met_cloud_cover_high__debut,0.023243629747911387,0.02443130243455405,0.025225649281009514,0.023038433889647856,0.028110777758055278,0.024809958622235614
tmp_doy_cos,0.024126328250872128,0.023137411309782363,0.023811321133249422,0.021321854711150855,0.023257324252758553,0.023130847931562663
met_cloud_cover_high__moy,0.02314081906745394,0.022265230699170243,0.022465754379474526,0.01656614676789487,0.025183693675778596,0.021924328917954435
met_cloud_cover_mid__min,0.01714226417158886,0.017594960320399082,0.019538784019221912,0.023304957328660104,0.021860829284983792,0.01988835902497075
met_cloud_cover_mid__debut,0.01455430515113852,0.015198534208573896,0.015104060813252674,0.0164094405308154,0.016428053921955458,0.01553887892514719
met_precipitation__std,0.015084907157741207,0.014391832063453068,0.01537512133882014,0.011157132537846982,0.021230172362097028,0.015447833091991686
met_precipitation__moy,0.007551562517841446,0.010347729215891388,0.00772693477607255,0.015192316666211257,0.0161162456364248,0.01138695776248829
latitude_site,0.009624969555193213,0.00895545086742437,0.009486190067701147,0.008614587474944533,0.00969744785069378,0.00927572916319141
met_dew_point_2m__debut,0.007290428487996563,0.008182447159058488,0.011904635628547692,0.009697725001290474,0.009243161539441196,0.009263679563266883
met_cloud_cover_high__milieu,0.0073658566167425395,0.011844776667730894,0.00802788375131445,0.010549897198428934,0.007596207854957135,0.009076924417834791
met_temperature_2m__fin,0.008730741473766235,0.008325876481497175,0.009748213513286624,0.006939521692306127,0.008972016526491116,0.008543273937469455
met_cloud_cover_mid__max,0.009168823794878815,0.008997692156678313,0.006961465500210916,0.008358196710879909,0.00908088701921794,0.008513413036373178
met_cloud_cover_high__min,0.009261783094590295,0.005415853757692325,0.006618951509260399,0.012350215092935227,0.007584613011914249,0.0082462832932785
met_cloud_cover_mid__milieu,0.008961799928948222,0.006911792616768507,0.007902611490490083,0.007865649241170999,0.00815435742927364,0.00795924214133029
altitude_site,0.006842833458390813,0.007247761047039688,0.007611075622325314,0.008358864762686775,0.007328416874451935,0.0074777903529789054
tmp_doy_sin,0.006696009431247557,0.006766330798056861,0.008000251465806057,0.007574580601679483,0.005821169485972888,0.00697166835655257
met_precipitation__max,0.005579522555657888,0.0052051585925931955,0.005872283002722185,0.007760778759531394,0.008310439502662371,0.006545636482633408
met_cloud_cover_mid__std,0.006048363470113619,0.005643846343615557,0.0057731392843235075,0.006216082457947896,0.005248794687871276,0.005786045248774371
met_cloud_cover_high__std,0.00414594332703418,0.0065835709442660685,0.005233882706036992,0.005961267398387906,0.006907117368406831,0.005766356348826395
met_temperature_2m__std,0.005437389576191605,0.006139274990320775,0.005469928249103718,0.006255439872612924,0.005370522481784314,0.005734511034002667
met_vapour_pressure_deficit__fin,0.005002392478367156,0.005845577885772954,0.0044879010536031175,0.006265232666703392,0.005080442105900058,0.005336309238069335
met_cloud_cover__max,0.004149075751610833,0.005270725614846418,0.00478337047311801,0.005758687871777572,0.0049986548886468305,0.004992102919999934
met_temperature_2m__min,0.00492369764173773,0.005529358414406733,0.003784917839323742,0.006505624266724663,0.0032762991666700275,0.004803979465772578
met_wind_speed_10m__std,0.0038330590296017887,0.005652911840879885,0.004374515894808416,0.005359327786866488,0.004466480485509529,0.004737259007533222
met_dew_point_2m__std,0.004412438665819496,0.004893727497286411,0.004883776825246259,0.003963873446542317,0.004955732855476406,0.004621909858074178
met_surface_pressure__std,0.003768730136929498,0.0037850349912387673,0.00498121673218508,0.005431119871234697,0.004165674788338006,0.00442635530398521
met_relative_humidity_2m__std,0.004146477592685448,0.00494019916223559,0.004185165473495916,0.004750770966938647,0.0036773776501142982,0.0043399981690939796
met_cloud_cover_low__debut,0.0038830509886267025,0.0044610880800109165,0.0036258207651598045,0.0033959562142639142,0.004351781114212892,0.003943539432454846
met_relative_humidity_2m__moy,0.003713513705072734,0.0032471964319679414,0.0038976352575469937,0.004148150451272915,0.00439030489530281,0.003879360148232679
met_cloud_cover__fin,0.003396342618951241,0.004129404529241978,0.003715735376537958,0.0037552999927702745,0.003842236970793816,0.0037678038976590536
met_cloud_cover__std,0.003055187424450837,0.0032414665255867605,0.0046121853511943,0.003864551466542772,0.0030421488808502345,0.0035631079297249804
met_cloud_cover_low__min,0.004451407567408363,0.002689719475697243,0.0036477025492068884,0.0030920540001506303,0.0032881257736839596,0.003433801873229417
met_vapour_pressure_deficit__moy,0.0032394129411272357,0.004842764003501511,0.002914265844427999,0.0033551259391811673,0.0028010283847864545,0.0034305194226048733
met_cloud_cover_high__fin,0.0034015844653379106,0.002980221387076623,0.0033558459495156715,0.0037241532082014812,0.0032109718454604837,0.003334555371118434
met_surface_pressure__fin,0.0034394555023001833,0.002476414330223318,0.003093175183349942,0.004443688987751586,0.0031242100790592345,0.0033153888165368523
met_temperature_2m__moy,0.0012761483842259338,0.003285124450002684,0.002863451574484669,0.0034900125440098725,0.004310229013739359,0.0030449931932925037
met_wind_gusts_10m__debut,0.0027375656773485375,0.0026980436123036668,0.003279978768677329,0.0033064985904870873,0.0030569569345213587,0.003015808716667596
met_cloud_cover__milieu,0.0024306022106003904,0.0033102179941958535,0.0033627325688154615,0.0030083577301757906,0.0028603140920544327,0.0029944449191683857
met_wind_speed_10m__debut,0.003037865687057715,0.0025444048047643967,0.003542908454461148,0.0028755776440819772,0.0025068976696417606,0.0029015308520013994
met_dew_point_2m__fin,0.003034841961736919,0.0026097171288754855,0.0026292489192728087,0.002794664904790818,0.003138375852225283,0.002841369753380263
met_vapour_pressure_deficit__max,0.0028122633801217207,0.003233426158122194,0.002373442731705489,0.002275028999788111,0.0033827616720217613,0.002815384588351855
met_surface_pressure__debut,0.0026004148045154713,0.002482850299229867,0.0033779391341496935,0.0027307455784344264,0.0028626773958049284,0.0028109254424268774
met_vapour_pressure_deficit__std,0.002272431856276669,0.001907186625861934,0.00286837481187014,0.0038354597913590792,0.0029897062188519005,0.0027746318608439444
met_temperature_2m__max,0.0026332152585910613,0.0023748798365119655,0.0026631725225549486,0.0030242648619627677,0.0029456295551726535,0.002728232406958679
met_cloud_cover_low__milieu,0.0028351199180947154,0.0024868666860510973,0.0027284037736732478,0.003027830484354184,0.0025488793119641424,0.0027254200348274774
met_wind_speed_10m__milieu,0.0020912600343855315,0.0026977989060327254,0.0031944251374612103,0.002730342387915024,0.0028440728532888667,0.002711579863816672
met_temperature_2m__milieu,0.002590346419137471,0.0024008075530995827,0.0033213521354067735,0.0022710580781419264,0.0028576201271828046,0.0026882368625937114
met_dew_point_2m__milieu,0.0028895410475454643,0.0025283305781207462,0.0029438206080608285,0.002768765094918603,0.0022255469457376225,0.0026712008548766533
met_cloud_cover_low__std,0.002870773020218746,0.0027102583664449916,0.0028695056847331465,0.0025276882653861186,0.0020484848636756394,0.002605342040091728
met_vapour_pressure_deficit__min,0.0028616002776836037,0.0024393244122518963,0.002596529141549356,0.002983537508715644,0.0019439878121138025,0.0025649958304628604
met_cloud_cover_low__moy,0.0028965861377390567,0.002482399979164444,0.002940573011129469,0.002023483438417908,0.00231529477019736,0.0025316674673296477
met_wind_gusts_10m__min,0.0020012898134151697,0.002903467944459628,0.002783904851928127,0.002114968104296241,0.0026551660651197603,0.0024917593558437855
met_temperature_2m__debut,0.0023993711791797353,0.002162571930770344,0.0026794992809739617,0.002662309985126734,0.002226352860372517,0.0024260210472846584
met_dew_point_2m__max,0.0022279319989669125,0.0021840627154250843,0.002010635511107831,0.0028053619353960247,0.0026449434391253353,0.0023745871200042375
met_relative_humidity_2m__min,0.002779944115174298,0.0022329644823963135,0.002596194490419503,0.001633115124872507,0.0024250541762134586,0.0023334544778152158
met_wind_gusts_10m__fin,0.0020922512696846364,0.0017386853531851194,0.002534800664671363,0.0028184515555537927,0.0023509543603467994,0.0023070286406883427
met_wind_speed_10m__fin,0.0022175681477947283,0.002299390131223553,0.00210727150272569,0.0029200661926287634,0.0017178972474258816,0.0022524386443597234
met_wind_gusts_10m__std,0.0013810806044737228,0.0019739488518982517,0.002080946331146426,0.0027267805736235925,0.002772500456477942,0.0021870513635239867
met_wind_speed_10m__max,0.0018546076735990052,0.002269557741046515,0.0020691307636910307,0.0026908802235263802,0.0020206972344255334,0.002180974727257693
met_surface_pressure__milieu,0.0030546181941496875,0.0020224175917314185,0.0021581758895788472,0.0022205422069832767,0.0011542093111789713,0.00212199263872444
met_cloud_cover_low__fin,0.002120489736776199,0.0012653830317087985,0.0024180844742746075,0.0021198605385374285,0.002612790706347129,0.0021073216975288325
met_dew_point_2m__min,0.0020383830583129148,0.001430522971481721,0.002074726390023417,0.002153837682312753,0.0026975189153930455,0.0020789978035047705
met_surface_pressure__min,0.002241335701454382,0.0016875654023224985,0.00231025829398183,0.0027244401550408186,0.0013314089059501839,0.0020590016917499425
met_wind_gusts_10m__max,0.0017559168196945583,0.0019738208144982807,0.0022364610009208063,0.0028375406880865794,0.0013319826164945362,0.0020271443879389525
met_surface_pressure__moy,0.0017228764220275801,0.0026985142187459267,0.0021096101013800598,0.002144694518345477,0.001438253671507352,0.002022789786401279
met_relative_humidity_2m__fin,0.0019765284996711725,0.0013763330309421418,0.0028183693736146868,0.001591456434132421,0.0023178800978116768,0.00201611348723442
met_vapour_pressure_deficit__debut,0.002560146299389691,0.00146489687517678,0.0019688279950428526,0.0023844414594007455,0.0016326337578219826,0.0020021892773664104
met_weather_code__frac_precip,0.0017197202591959834,0.0026286060088900067,0.0019911337878205145,0.0022070055095404933,0.0014204127445296105,0.0019933756619953218
met_wind_gusts_10m__milieu,0.001972976977225259,0.0018160777410138628,0.0011429877290533843,0.002560601115030938,0.002273984986709378,0.0019533257098065643
met_vapour_pressure_deficit__milieu,0.0018918511943074342,0.0018206764392853997,0.0019733285891779784,0.001851136757140209,0.0021025213757338668,0.0019279028711289773
met_relative_humidity_2m__debut,0.0024380166692934205,0.0016228235786943039,0.002122059009195189,0.001857181079745087,0.001374434659520556,0.0018829029992897112
met_surface_pressure__max,0.0017142340656760475,0.0020985275512646288,0.0014874762841804098,0.0016544845111817288,0.0015221534508500804,0.001695375172630579
met_cloud_cover_low__max,0.0011636265507812456,0.0011594552989136592,0.0018596283410339148,0.0022532187037291405,0.0019658744258947624,0.0016803606640705445
met_wind_gusts_10m__moy,0.001569950183430785,0.0010715890961717957,0.0020488372038401413,0.0018651363069221935,0.0014584449909688549,0.0016027915562667541
met_wind_speed_10m__min,0.001549580817658709,0.0012283441602747136,0.0015823003074566732,0.002124784089715614,0.0012368007778388473,0.0015443620305889115
met_wind_speed_10m__moy,0.0012006930711898087,0.0013355700600016722,0.0023313635823805304,0.0015236569632999335,0.0010922078646199262,0.0014966983082983743
met_relative_humidity_2m__max,0.0013927773873367868,0.0013509346729993943,0.0012689538931142746,0.0016452025768776007,0.001540466333729831,0.0014396669728115774
met_dew_point_2m__moy,0.0015369145123199843,0.001423936191832645,0.0010991872036624393,0.0014284181534537424,0.0016357225690028668,0.0014248357260543355
met_relative_humidity_2m__milieu,0.001099800082131246,0.000942253266108457,0.0016952947841715328,0.0015212597183451408,0.0013798591881560066,0.0013276934077824769
met_weather_code__max,0.0005962946508149072,0.00033438875408738447,0.0014160051074340073,4.439096122455806e-05,0.0003139175762841966,0.0005409994099690107
met_precipitation__debut,0.0005652849616468764,0.0003592925201627539,0.0006695529912282568,0.00044016650383413606,0.0006169780154918024,0.0005302549984727652
met_precipitation__milieu,0.00042395219077828993,0.0004779058142012776,0.0004437871023941969,0.0004776630825081899,0.00035977710985160083,0.00043661705994671104
met_precipitation__min,4.245052604762743e-05,8.372931148692693e-05,8.067171077401107e-05,0.0001233135017815611,0.0001441029107753016,9.485359217308564e-05
met_precipitation__fin,5.231444667014862e-05,0.0,5.0247222372766775e-05,5.151961332598454e-05,0.00014813035232624165,6.0442326939028315e-05
